id;name;image;is_featured;products_count;category_ids;category_names;created_at;updated_at
01k8LJhji13x7OOoEmMt;Savital;;false;0;;;2025-10-25T13:09:44.490;2025-10-25T13:09:44.490
04K0KBJg032YHX4GhZEa;San Mateo;;false;0;;;2025-01-11T22:01:10.004;2025-01-11T22:01:10.005
06vSxlaZGfQCGSfm2n5G;H2oh;;false;0;;;2025-10-25T13:08:52.952;2025-10-25T13:08:52.952
0SnbHbCSbcV8ov4uWdBA;Bio;;false;0;;;2025-10-25T13:08:15.734;2025-10-25T13:08:15.734
0a0ElZpyS6KYfoKSBLm1;Capri;;false;0;;;2025-10-24T23:49:16.900;2025-10-24T23:49:16.901
0edFtQS0TtIYs8Mymsc7;Lays;;false;0;;;2025-10-25T13:09:03.368;2025-10-25T13:09:03.369
18SMY8M7gY8OAEenBa73;Mentholatum;;false;0;;;2025-10-25T13:09:09.456;2025-10-25T13:09:09.456
1CHiuDNc7RMlOy5tUkJR;Ladysoft;;false;0;;;2025-10-25T13:09:02.352;2025-10-25T13:09:02.352
1K2B2qhWfewke5d07UHT;Marinela;;false;0;;;2025-10-25T13:09:07.419;2025-10-25T13:09:07.419
1XVv4fyv6K7J3pXFAfxe;Chomp;;false;0;;;2025-01-14T01:40:00.797;2025-01-14T01:40:00.798
1kHGnzA9J2GbPGvXV4uY;Doritos;;false;0;;;2025-10-25T13:08:36.951;2025-10-25T13:08:36.951
20fhx33raddrKz5ecfWz;Oreo;;false;0;;;2025-10-25T13:09:22.834;2025-10-25T13:09:22.834
2D2BHPZakGdQsdhIQWiv;Michicat;;false;0;;;2025-01-21T12:52:44.351;2025-01-21T12:52:44.351
2DgOunxcOsVm3Els9DQe;Flashlyte;;false;0;;;2025-10-25T13:08:45.435;2025-10-25T13:08:45.435
2SYm7VYdssV6LiP1jgb9;Milo;;false;0;;;2025-10-25T13:09:11.443;2025-10-25T13:09:11.443
2W1AxU4qr66DES53Rf6r;Palmolive;;false;0;;;2025-10-25T13:09:24.366;2025-10-25T13:09:24.367
2YYBEvO501o83Ii6EDGd;Descartables;;false;0;;;2025-10-25T13:08:33.835;2025-10-25T13:08:33.836
2cVLXhXyLOUB1X1P2DwD;Chin Chin;;false;0;;;2025-10-25T13:08:24.018;2025-10-25T13:08:24.019
3Cso5RHLTAfpv6caB26p;Rex;;false;0;;;2025-01-21T12:53:12.953;2025-01-21T12:53:12.954
3TecQrRiCb3vKNWzYiyz;Ricocat;;false;0;;;2024-09-12T22:17:28.931;2024-09-12T22:17:28.931
3ZxyrJiJ4kzBUe0GKImT;Verduras;;false;0;;;2025-10-25T13:10:00.590;2025-10-25T13:10:00.590
3a8kvC0V6KZZL5wIiwXo;Misk�simoo;;false;0;;;2025-10-25T13:09:11.940;2025-10-25T13:09:11.940
3bYS00rPzTQHz22MZNRW;Florida;;false;0;;;2025-10-25T01:02:17.355;2025-10-25T01:02:17.355
3gLcykAAKjHCrxqYDCo4;Quaker;;false;0;;;2025-10-25T13:09:35.765;2025-10-25T13:09:35.765
4HQqWbCnIGMJw1mPYADp;Picaras;;false;0;;;2025-10-25T13:09:29.597;2025-10-25T13:09:29.597
4UoC94jMkiFsu4UOy6A0;Inti;;false;0;;;2025-10-25T13:08:57.377;2025-10-25T13:08:57.377
4ftDY2EZm8gI67UnuBrX;Camay;;false;0;;;2025-10-25T13:08:19.838;2025-10-25T13:08:19.838
4x2qJRwvlRBBIF1NVQUg;Bon Bon Bum;;false;0;;;2025-10-25T13:08:16.767;2025-10-25T13:08:16.767
4z35bjyoBmUH7G46sFI3;Sublime;;false;0;;;2025-10-25T13:09:51.664;2025-10-25T13:09:51.665
50vtBLQavkNrKNN80nKA;Pegafan;;false;0;;;2025-10-25T13:09:28.082;2025-10-25T13:09:28.082
55Wy6W4EhNwNjDIGygf8;Chocman;;false;0;;;2025-10-25T13:08:25.535;2025-10-25T13:08:25.535
55YbiVYgiWtiD41jMUEG;Cocosette;;false;0;;;2025-10-25T13:08:29.635;2025-10-25T13:08:29.635
5PVJEr6Gpnq0f0SHZQzw;Colgate;;false;0;;;2025-10-25T13:08:30.136;2025-10-25T13:08:30.136
5PsI8wqbS8PZL1Mrobs8;Costa;;false;0;;;2025-10-25T13:08:32.317;2025-10-25T13:08:32.317
5Vis2rjZKFATsi1Kiuha;Smirnoff;;false;0;;;2025-10-25T13:09:48.084;2025-10-25T13:09:48.084
5VvDUVw7phQnVO2VXmZQ;Speed Stick;;false;0;;;2025-10-25T13:09:50.189;2025-10-25T13:09:50.189
5ZAWemNgYadcCjWpoZBt;Dor�;;false;0;;;2025-10-25T13:08:36.460;2025-10-25T13:08:36.461
5fEo3KSup3rqFKJfm6S8;Sabor de Oro;;false;0;;;2025-10-25T13:09:39.861;2025-10-25T13:09:39.861
5gNruU4SRrQeuMg1NqT1;Downy;;false;0;;;2025-10-25T13:08:37.940;2025-10-25T13:08:37.940
5i5CwzzGLXt6pDBO773C;Suave;;false;0;;;2025-10-25T13:09:50.672;2025-10-25T13:09:50.672
5oI58hNdEaMF0scGt8iO;Big Cola;;false;0;;;2025-10-25T13:08:14.684;2025-10-25T13:08:14.684
5rteyzBtPZohC2LgWWkx;Ecco;;false;0;;;2025-10-25T13:08:40.435;2025-10-25T13:08:40.435
6KOk9WnA2t63SEkz2bIH;Cil;;false;0;;;2025-01-14T01:33:38.402;2025-01-14T01:33:38.403
6NVWtNuGyfSoXshyphHP;Marlboro;;false;0;;;2025-10-25T13:09:07.904;2025-10-25T13:09:07.904
6gt3vuzrNTImSgy1pbab;Sal de Andrews;;false;0;;;2025-10-25T13:09:40.359;2025-10-25T13:09:40.359
70gbCcFoTBQ7SNo47wsw;Tabernero;;false;0;;;2025-10-25T13:09:52.667;2025-10-25T13:09:52.667
71IusWYXVKcs9TzL9FLU;Dilyte;;false;0;;;2025-10-25T13:08:34.326;2025-10-25T13:08:34.326
7KMJQ6yzOeELHpVGvcBK;Angel;;false;0;;;2025-10-25T13:08:08.500;2025-10-25T13:08:08.501
7d6v4sNovXjyf5I3GRHB;Pantene;;false;0;;;2025-10-25T13:09:25.937;2025-10-25T13:09:25.938
7qrwMIYONFLcriNCCfL4;Aguafiel;;false;0;;;2025-10-25T13:08:04.601;2025-10-25T13:08:04.601
83yMNpCi00jat6H6fPI0;Kit Kat;;false;0;;;2025-10-25T13:08:59.335;2025-10-25T13:08:59.335
8A39uSb5rvrpey6h4pxa;Del Firme;;false;0;;;2025-10-25T13:08:33.326;2025-10-25T13:08:33.326
8DKmxwSYKdskmmFmKr1v;Pilot;;false;0;;;2025-10-25T13:09:30.605;2025-10-25T13:09:30.605
8q4tItuBFOn8TlXLSoKS;Santa;;false;0;;;2025-10-25T13:09:42.933;2025-10-25T13:09:42.933
96k6BrLMJC8UqiVWqPDJ;Pilsen Trujillo;;false;0;;;2024-12-31T01:57:32.007;2024-12-31T01:57:32.007
9C3m5VyqYo3UkvqTaSae;Los Cuates;;false;0;;;2025-01-30T01:36:41.341;2025-01-30T01:36:41.341
9EHBCmKWKq1grHfPG7TI;Noble;;false;0;;;2025-10-25T13:09:19.699;2025-10-25T13:09:19.699
9Qyga8Gih1igGnwZKkxi;Molitalia;;false;0;;;2025-10-25T13:09:13.550;2025-10-25T13:09:13.550
9TYCTAyxvpZTRbX1rbNL;Gloria;;false;0;;;2025-01-13T18:37:06.095;2025-01-13T18:37:06.096
9Tt84T7Bp9uMERD4wMRa;Glade;;false;0;;;2025-10-25T13:08:49.434;2025-10-25T13:08:49.434
9ZsnJhc1WZZ8zMhO7BOC;Vick;;false;0;;;2025-10-25T13:10:01.084;2025-10-25T13:10:01.084
9iMgbW00Nfk0nAD9ZEmm;Halls;;false;0;;;2025-10-25T13:08:53.440;2025-10-25T13:08:53.441
AeAmq1cJarsZ8FOcEh4g;Belcafe;;false;0;;;2025-10-25T13:08:13.184;2025-10-25T13:08:13.184
AoBT5jDXSjC2C6yOCf3w;Cartavio;;false;0;;;2025-10-25T13:08:21.884;2025-10-25T13:08:21.884
BIO4JCtCldtFMqZySRqR;Patito;;false;0;;;2025-10-25T13:09:27.539;2025-10-25T13:09:27.539
BKRCbVmIhaRPyyZOXUDj;Panasonic;;false;0;;;2025-10-25T13:09:25.417;2025-10-25T13:09:25.417
BlY49ZrsJoFYU7Hrt0Cp;Opal;;false;0;;;2025-01-14T01:50:02.218;2025-01-14T01:50:02.218
C8LGVDzrzxtIv3h98YC5;Rexona;;false;0;;;2025-10-25T13:09:38.306;2025-10-25T13:09:38.306
CCojEEXfKTEDTbn4zDEn;Gatorade;;false;0;;;2025-10-25T13:08:48.437;2025-10-25T13:08:48.437
Ch0Qa0O0ctI9ON5bPD7R;Umsha;;false;0;;;2025-01-14T01:44:35.971;2025-01-14T01:44:35.971
CxYX44giP3C5BQ9c00J7;Cheetos;;false;0;;;2025-10-25T13:08:22.884;2025-10-25T13:08:22.884
D5l2mYBlmbbItgSrWZoa;Adams;;false;0;;;2025-10-25T13:08:04.052;2025-10-25T13:08:04.052
DGc3NsCrbPgEjgezDv6X;Oral-b;;false;0;;;2025-10-25T13:09:22.314;2025-10-25T13:09:22.314
DUZdjMgD2vRADAsau4YY;Ca�onazo;;false;0;;;2025-10-25T13:08:20.333;2025-10-25T13:08:20.333
DeVytrpxYy0KySyISMd1;Nescaf�;;false;0;;;2025-10-25T13:09:17.123;2025-10-25T13:09:17.123
EH5HCgvSOZsZPsk6DXiO;Marsella;;false;0;;;2025-01-14T01:49:32.360;2025-01-14T01:49:32.360
EMc6u1zOpu3LuhyPpKyN;Mirasol;;false;0;;;2025-01-14T01:33:55.929;2025-01-14T01:33:55.929
EXH6YJAEzSbwZ0G7Circ;Tentación;;false;0;;;2025-01-14T01:41:11.366;2025-01-14T01:43:04.507
Eo4ISiUXrOvwfvuIjbC9;Sello de Oro;;false;0;;;2025-01-14T01:45:33.627;2025-01-14T01:45:33.627
F6wLNrQB4T0m8PhgQf7L;Exis;;false;0;;;2025-10-25T13:08:43.951;2025-10-25T13:08:43.951
FOn60J1Ge48mCjc39lWm;Sprite;;false;0;;;2025-01-10T00:59:15.781;2025-01-10T00:59:15.781
FQdusi5YhLLroY0ASlwq;Marquesitas;;false;0;;;2025-01-14T01:40:48.215;2025-01-14T01:42:16.030
FaV0Nx1qcUh2xIEykTSK;Pringles;;false;0;;;2025-10-25T13:09:33.725;2025-10-25T13:09:33.725
FuHxGZQJ90KKMzh9pKAH;Tor-tees;;false;0;;;2025-10-25T13:09:55.152;2025-10-25T13:09:55.152
FvqHNFhonnPcn5SVz8y0;Trome;;false;0;;;2025-01-14T01:49:42.129;2025-01-14T01:49:42.129
GIgySe7SdGc5StHRCmT5;Red Bull;;false;0;;;2025-10-25T13:09:37.301;2025-10-25T13:09:37.301
GJWvDOPaJ6soM0enMmma;Ocucaje;;false;0;;;2025-10-25T13:09:21.802;2025-10-25T13:09:21.802
GMIktqZXwVfqWj2HIcCE;Pyc;;false;0;;;2025-10-25T13:09:35.266;2025-10-25T13:09:35.266
GZVIe08qGjBYcYgXPJvP;Frutas;;false;0;;;2025-10-25T13:08:46.985;2025-10-25T13:08:46.985
Gr9sDvHfCj047vvNiY9E;Always;;false;0;;;2025-10-25T13:08:06.836;2025-10-25T13:08:06.836
HAJYRL5m2eCA10wmNeIV;Maggi;;false;0;;;2025-10-25T13:09:06.405;2025-10-25T13:09:06.405
HBkbZvTMGRhiWavsWCR4;M&m's;;false;0;;;2025-10-25T13:09:05.904;2025-10-25T13:09:05.904
HWSLEBBQLQnec1FgDdx5;Caserita;;false;0;;;2025-10-25T00:18:20.462;2025-10-25T00:18:20.462
HrcSu335udcVttrR0u0O;Fanny;;false;0;;;2025-10-25T01:03:29.356;2025-10-25T01:03:29.356
I2bw0LEcAOAvR9FyPs13;Frito Lay;;false;0;;;2025-01-30T01:36:31.887;2025-01-30T01:36:31.887
IMaUWcDJm2YmaLDnrMFY;Kikko;;false;0;;;2025-10-25T13:08:58.851;2025-10-25T13:08:58.851
Iac4uynbLh6L6tDPI7f9;Aconcagua;;false;0;;;2025-10-25T01:02:00.418;2025-10-25T01:02:00.418
ImE3cJznBkZKwuwzPexW;San Jorge;;false;0;;;2025-10-25T13:09:41.934;2025-10-25T13:09:41.934
JCgNamCxcepzKZ1XuuSp;Sapolio;;false;0;;;2025-01-14T01:51:09.488;2025-01-14T01:51:09.488
JEtGAHJ8y2eAd97YKW3z;Duracell;;false;0;;;2025-10-25T13:08:38.918;2025-10-25T13:08:38.918
JHV6k5oRLAyGw14GmQvn;3 OSITOS;;false;0;;;2025-10-25T01:24:56.751;2025-10-25T01:24:56.752
JneHI531RtZnKmmUEeLB;Cif;;false;0;;;2025-10-25T13:08:26.561;2025-10-25T13:08:26.561
Jp5DjzPoT1y0PWcaBA79;Protex;;false;0;;;2025-10-25T13:09:34.216;2025-10-25T13:09:34.216
KAp4TjMFwMKkmDuLySju;Volt;;false;0;;;2025-10-25T13:10:02.109;2025-10-25T13:10:02.109
KRFlOOeUfNkLK2lKie4G;Pall Mall;;false;0;;;2025-10-25T13:09:23.849;2025-10-25T13:09:23.850
KW3P4RzJqLOgnOdYFsjp;Dkasa;;false;0;;;2025-10-25T13:08:34.834;2025-10-25T13:08:34.834
LDHAuSVwHnUJLHzgxaaV;Suerox;;false;0;;;2025-10-25T13:09:52.161;2025-10-25T13:09:52.161
LE4SwlKVKSh3tAj4ySWK;Clear;;false;0;;;2025-10-25T13:08:27.586;2025-10-25T13:08:27.586
MFNsc3njfNwZ9CqbFipn;Lucky Strike;;false;0;;;2025-10-25T13:09:05.402;2025-10-25T13:09:05.402
MMPWVLCZXxMmiCOSHzwU;Accesorios;;false;0;;;2025-10-25T13:08:02.295;2025-10-25T13:08:02.295
MX343bl9B9lJyFRTmlmg;Caricia;;false;0;;;2025-10-25T13:08:20.850;2025-10-25T13:08:20.850
Mrgzs70tjPLH7tFC3bD6;Beso de Moza;;false;0;;;2025-10-25T13:08:13.684;2025-10-25T13:08:13.684
Mu4M6nDxFyTzlPIfjSu9;Chemmer;;false;0;;;2025-10-25T13:08:23.522;2025-10-25T13:08:23.522
N6D5XiC0GqvN37pYgkyU;Full;;false;0;;;2025-10-25T13:08:47.468;2025-10-25T13:08:47.469
NCBQUiKDJufalqmdQIjZ;Pan;;false;0;;;2025-10-25T13:09:24.864;2025-10-25T13:09:24.864
NYaQp6lb5ywRIU7UBsMu;Alacena;;false;0;;;2025-01-14T01:36:28.790;2025-01-14T01:36:28.790
NsMRYGd6A7Rs0AUvIMMq;Natuchips;;false;0;;;2025-10-25T13:09:16.082;2025-10-25T13:09:16.083
ONlwaVQB0mcJndN1DqwA;Globo Pop;;false;0;;;2025-10-25T13:08:49.908;2025-10-25T13:08:49.908
Oa4uZgoDGkvpetAqewHs;Ambrosoli;;false;0;;;2025-10-25T13:08:07.368;2025-10-25T13:08:07.369
OxW54oN631ERz23FOIE1;Virutex;;false;0;;;2025-10-25T13:10:01.603;2025-10-25T13:10:01.603
P0TR8ihEmf0hzfgKqRV4;Johnson's;;false;0;;;2025-10-25T13:08:58.368;2025-10-25T13:08:58.368
PMedUwbkgkjO6xHu2KJV;Heineken;;false;0;;;2024-12-31T01:57:39.517;2024-12-31T01:57:39.517
PRMRJckMpRcF8RmFl7NA;Do�a Gusta;;false;0;;;2025-10-25T13:08:35.842;2025-10-25T13:08:35.842
PXyHwWM9rLsBl5uSrTix;Lavaggi;;false;0;;;2025-01-14T01:39:25.971;2025-01-14T01:39:25.971
PfJtReXQXt64aNKdvmdu;Neko;;false;0;;;2025-10-25T13:09:16.607;2025-10-25T13:09:16.607
PqlFbqAqEz5qVfaVjTet;Doña Delia;;false;0;;;2025-10-25T00:18:04.910;2025-10-25T00:18:04.910
PsAKz2kZ0HM3yT6fP9zn;Graphos;;false;0;;;2025-10-25T13:08:51.952;2025-10-25T13:08:51.952
Q6ymTQkIMkgtrfdiuEOV;Ricocan;;false;0;;;2024-09-12T22:17:33.550;2024-09-12T22:17:33.550
QEYcR6GG7RNhjv2QHWVg;v220;;false;0;;;2025-01-05T15:53:09.789;2025-01-05T15:53:09.789
QFzpc6s2L1bszVOwxp2G;Bolivar;;false;0;;;2025-01-14T01:49:19.417;2025-01-14T01:49:19.417
QJXRFpyvCDXalvVgA05U;Nan;;false;0;;;2025-10-25T13:09:15.580;2025-10-25T13:09:15.580
QOUAPfx8XSjbAT5vCv1K;Venturo;;false;0;;;2025-10-25T13:10:00.107;2025-10-25T13:10:00.107
QeLFf6I97egatiCfLEGt;Top Medic;;false;0;;;2025-10-25T13:09:54.674;2025-10-25T13:09:54.674
Qg14iNeiXHTiiNcNsN8J;Concordia;;false;0;;;2025-10-25T13:08:31.185;2025-10-25T13:08:31.185
QjktXChHDtHBZqKqcGOU;Inca Kola;;false;0;;;2025-01-10T00:22:29.301;2025-01-10T00:22:29.301
QwXU19ea6xcw9N6NupAg;Golden;;false;0;;;2024-12-31T01:59:12.372;2024-12-31T01:59:12.372
QzDUp7qmjjFWjgeaI146;San Luis;;false;0;;;2025-01-11T23:34:09.768;2025-01-11T23:34:09.768
RLv6gvPrI7JXd4z9GFpT;Sibarita;;false;0;;;2025-10-25T13:09:47.560;2025-10-25T13:09:47.560
RRtlEiFcPOW74cqJ96uA;Casa Grande;;false;0;;;2025-10-25T01:00:18.531;2025-10-25T01:00:18.531
RW3YOfnehp9APCG6X8g6;La Espa�ola;;false;0;;;2025-10-25T13:09:00.865;2025-10-25T13:09:00.865
RpcoEP3gxOqEwBhPQvVl;Takis;;false;0;;;2025-10-25T13:09:54.170;2025-10-25T13:09:54.170
RvPYEeKiGf3HYptbkeaD;Cheese Tris;;false;0;;;2025-10-25T13:08:22.383;2025-10-25T13:08:22.383
SEvO6sbL76LDlSXxfeHJ;Thor;;false;0;;;2025-01-21T12:53:02.788;2025-01-21T12:53:02.788
SKiWqOZSLa7mi7hozPHb;Zuko;;false;0;;;2025-10-25T13:10:03.087;2025-10-25T13:10:03.087
ST42qVFln5w5JUiJyoTK;Cabo Blanco;;false;0;;;2025-10-25T13:08:19.358;2025-10-25T13:08:19.358
SZj3JAG8yRSaJxCAFOiC;Blackout;;false;0;;;2025-10-25T13:08:16.274;2025-10-25T13:08:16.274
SdNXUevbT7JFObwFzaxy;Real;;false;0;;;2025-10-25T13:09:36.790;2025-10-25T13:09:36.790
SxInITgLgFga2uG848K0;Altomayo;;false;0;;;2025-10-25T13:08:06.306;2025-10-25T13:08:06.306
T4RhnI1ZcXUjaOpsCY7q;Ritz;;false;0;;;2025-10-25T13:09:38.805;2025-10-25T13:09:38.805
TENcP06vPqT2kthf3Cix;Cielo;;false;0;;;2025-10-25T13:08:26.017;2025-10-25T13:08:26.017
TPZapk2mFrNtyT6FQcvk;Ace;;false;0;;;2025-10-25T01:25:20.734;2025-10-25T01:25:20.734
TTVCHg26Y93LPxvtzK9Q;Winter's;;false;0;;;2025-10-25T13:10:02.616;2025-10-25T13:10:02.616
TWVkKmlRfaLTu0ZoYisn;Rellenitas;;false;0;;;2025-10-25T13:09:37.804;2025-10-25T13:09:37.804
UEkQ7uAHMurOsOFADh36;Santiago Queirolo;;false;0;;;2025-10-25T13:09:43.984;2025-10-25T13:09:43.984
UJO3f9cajGMFHpWUiHQx;Cafetal;;false;0;;;2025-01-14T01:45:11.225;2025-01-14T01:45:11.225
UJuMLItg0xC5XpzmIC8d;Guaraná;;false;0;;;2025-01-11T22:07:08.201;2025-01-11T22:07:08.202
UYGQr26Q2m9UyqG3RHw3;Morochas;;false;0;;;2025-10-25T13:09:15.065;2025-10-25T13:09:15.065
UbLGEQaMmI86e8dyd8qe;Sorrento;;false;0;;;2025-10-25T13:09:49.674;2025-10-25T13:09:49.674
Ullu5hwI0X25kujE3Brw;Maranatha;;false;0;;;2025-10-25T13:09:06.919;2025-10-25T13:09:06.919
UlxbxwDCMX7o6aRN2xiK;Tacama;;false;0;;;2025-10-25T13:09:53.165;2025-10-25T13:09:53.166
VLpe7MEvkk6Hy6QONHXw;Integrackers;;false;0;;;2025-01-14T01:40:38.415;2025-01-14T01:41:48.367
VaZnPN8qnoEvSyY7yiw4;Princesa;;false;0;;;2025-10-25T13:09:33.208;2025-10-25T13:09:33.208
VcQrPCOt6JudfbeGSouP;Baygon;;false;0;;;2025-10-25T13:08:12.667;2025-10-25T13:08:12.668
VecIyt5EeBXRHLnUkzgE;Snickers;;false;0;;;2025-10-25T13:09:49.182;2025-10-25T13:09:49.182
VzyucIeLePWV9nxrweBO;Gallo;;false;0;;;2025-10-25T13:08:47.943;2025-10-25T13:08:47.943
WFHPLSgDGhklkTGLTKMc;Frugos del Valle;;false;0;;;2025-01-11T23:34:32.712;2025-01-11T23:34:32.712
WIVVrSnQTexqmnsSHdZG;Pond's;;false;0;;;2025-10-25T13:09:32.676;2025-10-25T13:09:32.677
WLvYZn4Bcgg3Djr870QW;Don Vittorio;;false;0;;;2025-01-14T01:36:40.007;2025-01-14T01:36:40.007
Wc1QaAluTCtrH88xETRv;Mike's;;false;0;;;2025-01-11T22:09:55.359;2025-01-11T22:09:55.359
Wcnj56MKKFWZFPBoCbZd;La Pata;;false;0;;;2025-10-25T13:09:01.854;2025-10-25T13:09:01.854
X7yeh5J3aivknPzOnZgZ;Sao;;false;0;;;2025-10-24T22:44:23.766;2025-10-24T22:44:23.767
XCqkYdMqZE5pu9IT3VSG;Alpesa;;false;0;;;2025-10-25T13:08:05.755;2025-10-25T13:08:05.755
XOUbJ4QAydeLPHjlx2hL;Bruning;;false;0;;;2025-10-25T13:08:17.817;2025-10-25T13:08:17.817
XQLEwGZbV4SVjXd9y5rJ;Fury;;false;0;;;2025-01-12T01:10:45.138;2025-01-12T01:10:45.138
XeGQ91FEdRgQZMi0tfM1;Casino;;false;0;;;2025-01-14T01:39:49.581;2025-01-14T01:39:49.581
Xj9iBYR1XUkVGoO0BnDF;Maltin Power;;false;0;;;2025-01-11T23:22:49.017;2025-01-11T23:22:49.018
XjEFZ47q9p4obO9bxpi2;Chizitos;;false;0;;;2025-10-25T13:08:25.034;2025-10-25T13:08:25.034
XowS8OsvQ0oCFxSJDNzz;Soda V;;false;0;;;2025-01-14T01:40:09.076;2025-01-14T01:40:09.076
Y410ijlbyvxlxwCON8Dk;Stella Artois;;false;0;;;2024-12-31T01:57:56.524;2024-12-31T01:57:56.525
YAAvcsyu99t29qQQSHPZ;Pomarola;;false;0;;;2025-10-25T13:09:32.157;2025-10-25T13:09:32.157
YGLxS6BYwjNhj45RvsRV;Cruz de Motupe;;false;0;;;2025-10-25T13:08:32.834;2025-10-25T13:08:32.834
YOSoIzf3PiYMomwKM2ar;Glacitas;;false;0;;;2025-01-14T01:40:20.667;2025-01-14T01:40:20.667
YTRSe6FCqyg4s2ryZvUB;Ajinomen;;false;0;;;2025-10-25T01:01:05.150;2025-10-25T01:01:05.150
YWK2u60PnGzK4UHZz4C0;Royal;;false;0;;;2025-10-25T13:09:39.346;2025-10-25T13:09:39.346
YWozCaPfhW0UZt7HsVZF;Moncler;;false;0;;;2025-10-25T13:09:14.050;2025-10-25T13:09:14.050
Yn80CmUTmJFmzHH5LPUk;Seven Up;;false;0;;;2025-10-25T13:09:47.044;2025-10-25T13:09:47.045
ZN0ueFZrpHS7F3MPvviw;Choco Bum;;false;0;;;2025-01-14T01:41:28.119;2025-10-25T01:38:58.550
ZVwui2kXm6CXQY4WG93D;Clorox;;false;0;;;2025-10-25T13:08:28.640;2025-10-25T13:08:28.640
ZnbliHlqEnG0Kft5bZiQ;Suavitel;;false;0;;;2025-10-25T13:09:51.140;2025-10-25T13:09:51.140
ZvhuLYQJWBpCOhvN1tJX;Elite;;false;0;;;2025-10-25T13:08:41.907;2025-10-25T13:08:41.907
a7mjjekuCTGQASfTokrv;Fochis;;false;0;;;2025-10-25T13:08:45.940;2025-10-25T13:08:45.940
aHKrlvGSeqVxIdeFAx9w;Milenium;;false;0;;;2025-10-25T13:09:10.947;2025-10-25T13:09:10.947
aNEVz1H6wClcXnuyT2uQ;Uhu;;false;0;;;2025-10-25T13:09:58.101;2025-10-25T13:09:58.101
aRbIIZB1hscfnG7tQWSN;La Llama;;false;0;;;2025-10-25T13:09:01.374;2025-10-25T13:09:01.374
aXcOfCQOzs2OxV3BsTTB;Faber-castell;;false;0;;;2025-10-25T13:08:44.442;2025-10-25T13:08:44.442
bMbDxdB9RzHFKwiInRv9;Mc Colin's;;false;0;;;2025-10-25T13:09:08.419;2025-10-25T13:09:08.419
bPNUnfvUDEf8QOg439B2;Ajinomoto;;false;0;;;2025-10-25T13:08:05.217;2025-10-25T13:08:05.217
bcxyl6q5wgKOJy42Eh4w;Combos;;false;0;;;2025-10-25T13:08:30.651;2025-10-25T13:08:30.651
bmU0TkRxlrRwrjzkiBrA;Emperatriz;;false;0;;;2025-10-25T13:08:42.434;2025-10-25T13:08:42.435
cAoNMLHt7NJnaoPrvGEf;San Cartlos;;false;0;;;2025-10-25T13:09:41.417;2025-10-25T13:09:41.417
cBkW2cONVU2YCpHYnK92;Paracas;;false;0;;;2025-10-25T13:09:27.006;2025-10-25T13:09:27.006
cEpsg40od5lMs1o2td8H;Poett;;false;0;;;2025-10-25T13:09:31.631;2025-10-25T13:09:31.631
cogZZY4zF7qOqUwnIrWk;Nivea;;false;0;;;2025-10-25T13:09:19.187;2025-10-25T13:09:19.187
dQfPejf30DrL5R1ijz4w;Mentos;;false;0;;;2025-10-25T13:09:10.437;2025-10-25T13:09:10.437
dUVzGWPOwnLOAB8LXhES;Scott;;false;0;;;2025-10-25T13:09:45.502;2025-10-25T13:09:45.502
dZuVUYDhHrjgRBTrwIDY;Liber;;false;0;;;2025-10-25T13:09:04.392;2025-10-25T13:09:04.392
dp1IW1rFH8xfkhvhR5o2;San Martin;;false;0;;;2025-10-25T13:09:42.445;2025-10-25T13:09:42.445
dsXC6Ofe7Id0ACvcEwGr;Bon o Bon;;false;0;;;2025-10-25T13:08:17.284;2025-10-25T13:08:17.284
e2JFh6y7vfPmfY3Ji8X0;Hepabionta;;false;0;;;2025-10-25T13:08:54.934;2025-10-25T13:08:54.934
eH50KrTzJJxddg1vYYmc;Pura Vida;;false;0;;;2025-01-13T18:38:58.979;2025-01-13T18:38:58.980
eLpLNgwcuDU6clJ1Gh0X;Laive;;false;0;;;2025-10-25T13:09:02.868;2025-10-25T13:09:02.868
fAVqrnqkPA1d0r7dE7Bn;Kolynos;;false;0;;;2025-10-25T13:08:59.851;2025-10-25T13:08:59.852
fgdWEPtaEZRCwBW8iRju;Cocinero;;false;0;;;2025-01-14T01:33:48.305;2025-01-14T01:33:48.305
gBxMoBpSJOYv9dCSIvBs;Huevos;;false;0;;;2025-10-25T13:08:55.418;2025-10-25T13:08:55.418
gHT5lP2TtiasWwm7w6sp;Dove;;false;0;;;2025-10-25T13:08:37.439;2025-10-25T13:08:37.439
gJaOH4auj0nSKbb0Fr6c;Tres Cruces;;false;0;;;2024-12-31T01:57:47.189;2024-12-31T01:57:47.190
gZB7m8JZSSCgVIM6jOLM;Gn;;false;0;;;2025-10-25T13:08:50.401;2025-10-25T13:08:50.401
geLxjM21dbgdHJgVLyGR;Bubbaloo;;false;0;;;2025-10-25T13:08:18.334;2025-10-25T13:08:18.334
gk9ypS0d3sFY6PJuzoU1;Doble Deleite;;false;0;;;2025-10-25T13:08:35.335;2025-10-25T13:08:35.335
h3N6xFEd9iFj0GfRAqk7;Pulp;;false;0;;;2025-10-25T13:09:34.717;2025-10-25T13:09:34.717
h3cOPjaYzjvqwoAiySUC;Molidos;;false;0;;;2025-10-25T13:09:12.963;2025-10-25T13:09:12.963
hLJM6aTlwIJswoKDzJdu;Primor;;false;0;;;2025-01-14T01:34:07.903;2025-01-14T01:34:07.903
hLdGUdUy9NeLP9JHDlla;Club Social;;false;0;;;2025-10-25T13:08:29.155;2025-10-25T13:08:29.155
haGol6t8fgpqeB8YxoTh;Nesquik;;false;0;;;2025-10-25T13:09:17.633;2025-10-25T13:09:17.633
hejAJvf4dguljc1etDOm;Vargas;;false;0;;;2025-10-25T13:09:59.585;2025-10-25T13:09:59.585
hi4ra92zcrdBLxTE2lft;Monster;;false;0;;;2025-01-11T23:34:57.064;2025-01-11T23:34:57.065
hoaP4EUX7qmOUJPmrlmh;Papeler�a;;false;0;;;2025-10-25T13:09:26.464;2025-10-25T13:09:26.465
hrODHrVlmTyLSpaqQObU;Coca Cola;;false;0;;;2024-08-24T19:15:37.008;2024-08-24T19:15:37.009
i3EIgwWNmVUdGBOLEqIN;Field;;false;0;;;2025-10-25T13:08:44.935;2025-10-25T13:08:44.935
iCB1j2yx6nCBxAr36wSa;Big Ben;;false;0;;;2025-10-25T13:08:14.184;2025-10-25T13:08:14.184
imzmOBKzDFmsesdNkp4L;Blanca Flor;;false;0;;;2025-01-14T01:51:34.707;2025-01-14T01:51:34.707
iqt18tlN23PKnHKeIk0X;Head & Shoulders;;false;0;;;2025-10-25T13:08:53.925;2025-10-25T13:08:53.925
iwzKSkN1ikirfZNbrXAD;Fanta;;false;0;;;2025-01-10T00:59:08.939;2025-01-10T00:59:08.939
j42QmGnOrauB6Qb8wc31;Ove;;false;0;;;2025-10-25T13:09:23.335;2025-10-25T13:09:23.335
jP7xoLFGcN5qSvLKTS37;Bonlé;;false;0;;;2025-01-13T18:38:33.430;2025-01-13T18:38:33.430
jSIyceUyNsDOnh2GtZOm;Pepsi;;false;0;;;2025-10-25T13:09:28.581;2025-10-25T13:09:28.581
ji5bjK826KmZaL26sjZB;Sayon;;false;0;;;2025-01-14T01:41:02.218;2025-01-14T01:42:48.993
jsxNXA2KCZNtJ7oJ3dP5;Gissela;;false;0;;;2025-10-25T01:03:15.256;2025-10-25T01:03:15.256
jwsyYPLT4LSuMy2J0fn1;Karinto;;false;0;;;2025-01-30T01:36:52.458;2025-01-30T01:36:52.458
jxPmgVYps1mm3Aaft8J9;Carmelita;;false;0;;;2025-10-25T13:08:21.369;2025-10-25T13:08:21.369
k95IYDHxWA0cHHSPmMTP;Nova;;false;0;;;2025-10-25T13:09:20.753;2025-10-25T13:09:20.753
kHWQKBm11H3tvBBFfaBf;Arcor;;false;0;;;2025-10-25T13:08:09.022;2025-10-25T13:08:09.022
kHp8bHZY9hc53mryWfh7;Ego;;false;0;;;2025-10-25T13:08:40.903;2025-10-25T13:08:40.903
kL6NlbAfuQ8Sh0dfhebR;Budweiser;;false;0;;;2025-10-25T13:08:18.850;2025-10-25T13:08:18.850
kdaiNQrVGlYSwdUcHURs;Ayud�n;;false;0;;;2025-10-25T13:08:11.642;2025-10-25T13:08:11.642
kkRa9VhjuYfPROZ3GDO1;Powerade;;false;0;;;2025-01-11T23:35:37.950;2025-01-11T23:35:37.950
knTyxPwX9dd1XgtNUwpb;Lipton;;false;0;;;2025-10-25T13:09:04.901;2025-10-25T13:09:04.901
l20MhpyvEeAlzm17I4hJ;Razzeto;;false;0;;;2025-10-25T13:09:36.266;2025-10-25T13:09:36.266
l3QLjFY3UfymK2V9C3WN;Menestras;;false;0;;;2025-10-25T13:09:08.939;2025-10-25T13:09:08.939
lABDhc4fnZrFMoqAsFZn;Manuelita;;false;0;;;2025-10-25T01:00:33.299;2025-10-25T01:00:33.299
lQF12sUsWCYThRXRNvVl;Emsal;;false;0;;;2025-10-25T13:08:42.936;2025-10-25T13:08:42.936
lipwmO2xw82lwW7rPcQ7;El Paisita;;false;0;;;2025-10-25T13:08:41.404;2025-10-25T13:08:41.404
m0YfFdmff0eWHJlaulsy;Frio Rico;;false;0;;;2025-01-31T01:08:58.694;2025-01-31T01:08:58.694
mOiHYgUxMlk1UpE9Uy8f;Gustavo;;false;0;;;2025-10-25T13:08:52.451;2025-10-25T13:08:52.451
mTqjiwBqHiVSb4q954mD;Mentitas;;false;0;;;2025-10-25T13:09:09.940;2025-10-25T13:09:09.940
mk4qF41AkPyNcKwIV2Co;Philips;;false;0;;;2025-10-25T13:09:29.083;2025-10-25T13:09:29.083
mybsJzuMB4QVPg4WooBl;Nosotras;;false;0;;;2025-10-25T13:09:20.231;2025-10-25T13:09:20.231
mzlWC4fXIVO6Ho6JozrX;Piel;;false;0;;;2025-10-25T13:09:30.092;2025-10-25T13:09:30.092
n5JZxRsZZlxU4JkqxrtM;D'onofrio;;false;0;;;2024-09-15T18:58:29.606;2024-09-15T18:58:29.607
nKxGK7QFveWIYHUsiaXP;Favorita;;false;0;;;2025-01-14T01:51:26.204;2025-01-14T01:51:26.205
nNRJWadyIrpllGWtGaCZ;Duryea;;false;0;;;2025-10-25T13:08:39.936;2025-10-25T13:08:39.936
nQW4Hgl4VXOkgQwqEo5f;Manty;;false;0;;;2025-01-14T01:45:24.307;2025-01-14T01:45:24.307
o1UM8gxVUjsQVV6BXlAV;Sello Rojo;;false;0;;;2025-10-25T13:09:46.534;2025-10-25T13:09:46.534
oHVSgOjsoIxiPLc8YVT7;Universal;;false;0;;;2025-10-25T13:09:58.604;2025-10-25T13:09:58.604
oJjmuvIlPw3gu4CTPmlN;Kotex;;false;0;;;2025-10-25T13:09:00.360;2025-10-25T13:09:00.360
oXx2Uu9fAsqIFAuDO4u1;Clorets;;false;0;;;2025-10-25T13:08:28.102;2025-10-25T13:08:28.102
olpWbYTGRGGuEQbyCKxT;Pilsen Callao;;false;0;;;2024-08-31T18:54:50.741;2024-08-31T18:55:30.665
om3ZqLnyP78yTnmEHRyh;Jacks;;false;0;;;2025-10-25T13:08:57.852;2025-10-25T13:08:57.852
onZwKiBboDr5uIMCq9RG;Nutribela;;false;0;;;2025-10-25T13:09:21.282;2025-10-25T13:09:21.282
p6c2ITODk7oD8IsC0UaG;Ariel;;false;0;;;2025-10-25T13:08:09.567;2025-10-25T13:08:09.567
p8gjK5PhN77c9D62S8lU;Nicolini;;false;0;;;2025-01-14T01:39:36.246;2025-01-14T01:39:36.246
pFn8662dPIECDezQT4Te;Pine-sol;;false;0;;;2025-10-25T13:09:31.138;2025-10-25T13:09:31.138
pRk3t4H9JF9xck4bNoK5;Grano de Oro;;false;0;;;2025-10-25T13:08:51.435;2025-10-25T13:08:51.435
qFJOM7XIajwUQB7dqaTI;Chips Ahoy;;false;0;;;2025-10-25T13:08:24.536;2025-10-25T13:08:24.536
qFTTLijbi542xVQCz8dr;Snax;;false;0;;;2025-10-25T13:09:48.600;2025-10-25T13:09:48.600
qcGLRKQ5iYZwoqPZikNZ;Santiago;;false;0;;;2025-10-25T13:09:43.445;2025-10-25T13:09:43.445
r67VPXnt8DUc71ZoTNvZ;Scotch-brite;;false;0;;;2025-10-25T13:09:44.993;2025-10-25T13:09:44.993
r8cVtJVMK3sxtY5xFIjt;Triple Kola;;false;0;;;2025-10-25T13:09:57.105;2025-10-25T13:09:57.105
rADIj3WiejdS0h3kVuAN;Condimentos;;false;0;;;2025-10-25T13:08:31.684;2025-10-25T13:08:31.685
rSNZDoVtu591v0PVLkA2;Vanish;;false;0;;;2025-10-25T13:09:59.111;2025-10-25T13:09:59.111
rUbokyqTSLJQ4VK8y0Hc;Durex;;false;0;;;2025-10-25T13:08:39.434;2025-10-25T13:08:39.434
rt9yJlExUPjIk09rdGyh;Salmas;;false;0;;;2025-10-25T13:09:40.876;2025-10-25T13:09:40.876
rx0Wie7rmNkbwtnDqWRq;Tampico;;false;0;;;2025-01-13T18:37:30.321;2025-01-13T18:37:30.321
sDQPO6UxFiP5JtWEdiNp;Taipei;;false;0;;;2025-10-25T13:09:53.667;2025-10-25T13:09:53.667
saTtCAabjS7oxKyDJd5S;Artesanal;;false;0;;;2025-10-25T13:08:10.084;2025-10-25T13:08:10.084
t6rw5ouPKGSWNCMSozwb;Huggies;;false;0;;;2025-10-25T13:08:55.910;2025-10-25T13:08:55.910
tOSWdnTZLvCWv5oiJil3;Triangulo;;false;0;;;2025-10-25T13:09:56.127;2025-10-25T13:09:56.127
tUOhTsz7PvnnFmx7TqhB;Tostitos;;false;0;;;2025-10-25T13:09:55.651;2025-10-25T13:09:55.652
u0oQhxHweSvRKADTR0GD;Sedal;;false;0;;;2025-10-25T13:09:46.015;2025-10-25T13:09:46.015
uGNekmZtAO6PXAqpf2Qs;Golpe;;false;0;;;2025-10-25T13:08:50.891;2025-10-25T13:08:50.891
uQswJ5azWcaxs0r7VkV0;Mogul;;false;0;;;2025-10-25T13:09:12.457;2025-10-25T13:09:12.457
ubY4qPzZlvgxijcP5kt9;Trululu;;false;0;;;2025-10-25T13:09:57.602;2025-10-25T13:09:57.602
uqmvUCtXY94ufCR5KNLZ;Cusqueña;;false;0;;;2024-12-31T01:57:01.721;2024-12-31T01:57:01.723
vAMK2pn8p3vXQw2lmDq9;Evervess;;false;0;;;2025-10-25T13:08:43.451;2025-10-25T13:08:43.452
vQHlOTTC45JYJ9231ak8;Benedictino;;false;0;;;2025-01-11T23:34:22.041;2025-01-11T23:34:22.041
wHOh5WAq6CYaHk78TDBa;Ducales;;false;0;;;2025-10-25T13:08:38.451;2025-10-25T13:08:38.451
wTN1akRSK7xk34Ym7yWi;Bimbo;;false;0;;;2025-10-25T13:08:15.203;2025-10-25T13:08:15.203
wYSWmjZ5aBZJ8TYcDjav;Free Tea;;false;0;;;2025-10-25T13:08:46.475;2025-10-25T13:08:46.476
wpTq7KNiCzBpJ3XCPOaK;Artesco;;false;0;;;2025-10-25T13:08:10.635;2025-10-25T13:08:10.635
x4bRFDDi20oyyUQ2HjOE;Cifrut;;false;0;;;2025-10-25T13:08:27.068;2025-10-25T13:08:27.068
x5YxOoYbc1nJOvTgtssh;Heno de Pravia;;false;0;;;2025-10-25T13:08:54.418;2025-10-25T13:08:54.418
xBoSxlXMkVh7LYsaqrJr;Four Loko;;false;0;;;2024-08-31T18:55:14.885;2024-08-31T18:55:14.885
xDslkkqgQN5OsgKQozWw;Nik;;false;0;;;2025-10-25T13:09:18.677;2025-10-25T13:09:18.677
xVYmJQO8Ay0X6MRjMBAA;Ideal;;false;0;;;2025-10-25T13:08:56.419;2025-10-25T13:08:56.419
xfDY5J7PtoMDsvy1lOer;Gillette;;false;0;;;2025-10-25T13:08:48.942;2025-10-25T13:08:48.942
xfvHIC87yQtd4xxlcf2Q;Nestl�;;false;0;;;2025-10-25T13:09:18.151;2025-10-25T13:09:18.151
xjoGN23pHRni0mkYwMyj;Mongol;;false;0;;;2025-10-25T13:09:14.547;2025-10-25T13:09:14.547
yg8XZaeHR63MpQqh7Uim;Amstel;;false;0;;;2025-10-25T13:08:07.919;2025-10-25T13:08:07.919
yk1sUXxMbEAIcVIYPY1x;Babysec;;false;0;;;2025-10-25T13:08:12.157;2025-10-25T13:08:12.157
yoGIORFpXkv4M9LNq1ug;Inka Chips;;false;0;;;2025-10-25T13:08:56.885;2025-10-25T13:08:56.885
z7UU0Ezgr9XuFHCXWQiX;Lentejas;;false;0;;;2025-10-25T13:09:03.872;2025-10-25T13:09:03.872
zS6Dgp8gIgPXb0LWBXE1;Trident;;false;0;;;2025-10-25T13:09:56.610;2025-10-25T13:09:56.610
zgtNiuZYTjsM1BiCDLhm;Axe;;false;0;;;2025-10-25T13:08:11.154;2025-10-25T13:08:11.154
zqRWnuoliTx159HWBFpC;Corona;;false;0;;;2024-12-31T01:57:12.231;2024-12-31T01:57:12.231
